HP,Attack,Defense,Sp. Attack,Sp. Defense,Speed,BST,Type 1,Type 2
52.22156,49.059902,51.19594,72.09509,89.33874,41.364395,334.93033,Ghost,Fire
63.5285,51.523544,83.23421,102.746796,97.97897,45.894127,423.35638,Grass,Bug
