HP,Attack,Defense,Sp. Attack,Sp. Defense,Speed,BST,Type 1,Type 2
46.978733,51.71499,48.28609,98.252785,81.52959,88.857216,381.7322,Grass,Electric
61.135456,87.335045,77.05541,41.038254,46.610657,41.737434,343.9596,Bug,Fairy
